{"0":{"r":0.6784314,"g":0.7019608,"b":0.7254902,"a":1.0},"1":{"r":0.80392164,"g":0.2509804,"b":0.4156863,"a":1.0},"2":{"r":0.5568628,"g":0.65882355,"b":0.8705883,"a":1.0},"3":{"r":0.6627451,"g":0.4156863,"b":0.7843138,"a":1.0},"4":{"r":0.8470589,"g":0.470588267,"b":0.266666681,"a":1.0},"5":{"r":0.7725491,"g":0.7176471,"b":0.545098066,"a":1.0},"6":{"r":0.5686275,"g":0.752941251,"b":0.180392161,"a":1.0},"7":{"r":0.321568638,"g":0.411764741,"b":0.6745098,"a":1.0},"8":{"r":0.3529412,"g":0.5529412,"b":0.6313726,"a":1.0},"9":{"r":0.9960785,"g":0.6117647,"b":0.329411775,"a":1.0},"10":{"r":0.309803933,"g":0.5647059,"b":0.8352942,"a":1.0},"11":{"r":0.384313762,"g":0.733333349,"b":0.3529412,"a":1.0},"12":{"r":0.9568628,"g":0.8235295,"b":0.235294133,"a":1.0},"13":{"r":0.976470649,"g":0.4431373,"b":0.470588267,"a":1.0},"14":{"r":0.450980425,"g":0.8078432,"b":0.7490196,"a":1.0},"15":{"r":0.0392156877,"g":0.427451,"b":0.7607844,"a":1.0},"16":{"r":0.3529412,"g":0.3254902,"b":0.396078467,"a":1.0},"17":{"r":0.9215687,"g":0.56078434,"b":0.90196085,"a":1.0}}